filename,label
0.jpg,none
1.jpg,none
2.jpg,none
3.jpg,none
4.jpg,none
5.jpg,none
6.jpg,none
7.jpg,none
8.jpg,none
9.jpg,none
10.jpg,none
11.jpg,none
12.jpg,none
13.jpg,none
14.jpg,none
15.jpg,none
16.jpg,none
17.jpg,none
18.jpg,none
19.jpg,none
20.jpg,none
21.jpg,none
22.jpg,none
23.jpg,none
24.jpg,none
25.jpg,none
26.jpg,none
27.jpg,none
28.jpg,none
29.jpg,none
30.jpg,none
31.jpg,none
32.jpg,none
33.jpg,none
34.jpg,none
35.jpg,none
36.jpg,none
37.jpg,none
38.jpg,none
39.jpg,none
40.jpg,none
41.jpg,none
42.jpg,none
43.jpg,none
44.jpg,none
45.jpg,none
46.jpg,none
47.jpg,none
48.jpg,none
49.jpg,none
50.jpg,none
51.jpg,none
52.jpg,none
53.jpg,none
54.jpg,none
55.jpg,none
56.jpg,none
57.jpg,none
58.jpg,none
59.jpg,none
60.jpg,none
61.jpg,none
62.jpg,none
63.jpg,none
64.jpg,none
65.jpg,none
66.jpg,none
67.jpg,none
68.jpg,none
69.jpg,none
70.jpg,none
71.jpg,none
72.jpg,none
73.jpg,none
74.jpg,none
75.jpg,none
76.jpg,none
77.jpg,none
78.jpg,none
79.jpg,none
80.jpg,none
81.jpg,none
82.jpg,none
83.jpg,none
84.jpg,none
85.jpg,none
86.jpg,none
87.jpg,none
88.jpg,none
89.jpg,none
90.jpg,none
91.jpg,none
92.jpg,none
93.jpg,none
94.jpg,none
95.jpg,none
96.jpg,none
97.jpg,none
98.jpg,none
99.jpg,none
100.jpg,none
101.jpg,none
102.jpg,none
103.jpg,none
104.jpg,none
105.jpg,none
106.jpg,none
107.jpg,none
108.jpg,none
109.jpg,none
110.jpg,none
111.jpg,none
112.jpg,none
113.jpg,none
114.jpg,none
115.jpg,none
116.jpg,none
117.jpg,none
118.jpg,none
119.jpg,none
120.jpg,none
121.jpg,none
122.jpg,none
123.jpg,none
124.jpg,none
125.jpg,none
126.jpg,none
127.jpg,none
128.jpg,none
129.jpg,none
130.jpg,none
131.jpg,none
132.jpg,none
133.jpg,none
134.jpg,none
135.jpg,none
136.jpg,none
137.jpg,none
138.jpg,none
139.jpg,none
140.jpg,none
141.jpg,none
142.jpg,none
143.jpg,none
144.jpg,none
145.jpg,none
146.jpg,none
147.jpg,none
148.jpg,none
149.jpg,none
150.jpg,none
151.jpg,none
152.jpg,none
153.jpg,none
154.jpg,none
155.jpg,none
156.jpg,none
157.jpg,none
158.jpg,none
159.jpg,none
160.jpg,none
161.jpg,none
162.jpg,none
163.jpg,none
164.jpg,none
165.jpg,none
166.jpg,none
167.jpg,none
168.jpg,none
169.jpg,none
170.jpg,none
171.jpg,none
172.jpg,none
173.jpg,none
174.jpg,none
175.jpg,none
176.jpg,none
177.jpg,none
178.jpg,none
179.jpg,none
180.jpg,none
181.jpg,none
182.jpg,none
183.jpg,none
184.jpg,none
185.jpg,none
186.jpg,none
187.jpg,none
188.jpg,none
189.jpg,none
190.jpg,none
191.jpg,none
192.jpg,none
193.jpg,none
194.jpg,none
195.jpg,none
196.jpg,none
197.jpg,none
198.jpg,none
199.jpg,none
200.jpg,none
201.jpg,none
202.jpg,none
203.jpg,none
204.jpg,none
205.jpg,none
206.jpg,none
207.jpg,none
208.jpg,none
209.jpg,none
210.jpg,none
211.jpg,none
212.jpg,none
213.jpg,none
214.jpg,none
215.jpg,none
216.jpg,none
217.jpg,none
218.jpg,none
219.jpg,none
220.jpg,none
221.jpg,none
222.jpg,none
223.jpg,none
224.jpg,none
225.jpg,none
226.jpg,none
227.jpg,none
228.jpg,none
229.jpg,none
230.jpg,none
231.jpg,none
232.jpg,none
233.jpg,none
234.jpg,none
235.jpg,none
236.jpg,none
237.jpg,none
238.jpg,none
239.jpg,none
240.jpg,none
241.jpg,none
242.jpg,none
243.jpg,none
244.jpg,none
245.jpg,none
246.jpg,none
247.jpg,none
248.jpg,none
249.jpg,none
250.jpg,none
251.jpg,none
252.jpg,none
253.jpg,none
254.jpg,none
255.jpg,none
256.jpg,none
257.jpg,none
258.jpg,none
259.jpg,none
260.jpg,none
261.jpg,none
262.jpg,none
263.jpg,none
264.jpg,none
265.jpg,none
266.jpg,none
267.jpg,none
268.jpg,none
269.jpg,none
270.jpg,none
271.jpg,none
272.jpg,none
273.jpg,none
274.jpg,none
275.jpg,none
276.jpg,none
277.jpg,none
278.jpg,none
279.jpg,none
280.jpg,none
281.jpg,none
282.jpg,none
283.jpg,none
284.jpg,none
285.jpg,none
286.jpg,none
287.jpg,none
288.jpg,none
289.jpg,none
290.jpg,none
291.jpg,none
292.jpg,none
293.jpg,none
294.jpg,none
295.jpg,none
296.jpg,none
297.jpg,none
298.jpg,none
299.jpg,none
300.jpg,none
301.jpg,none
302.jpg,none
303.jpg,none
304.jpg,none
305.jpg,none
306.jpg,none
307.jpg,none
308.jpg,none
309.jpg,none
310.jpg,none
311.jpg,none
312.jpg,none
313.jpg,none
314.jpg,none
315.jpg,none
316.jpg,none
317.jpg,none
318.jpg,none
319.jpg,none
320.jpg,none
321.jpg,none
322.jpg,none
323.jpg,none
324.jpg,none
325.jpg,none
326.jpg,none
327.jpg,none
328.jpg,none
329.jpg,none
330.jpg,none
331.jpg,none
332.jpg,none
333.jpg,none
334.jpg,none
335.jpg,none
336.jpg,none
337.jpg,none
338.jpg,none
339.jpg,none
340.jpg,none
341.jpg,none
342.jpg,none
343.jpg,none
344.jpg,none
345.jpg,none
346.jpg,none
347.jpg,none
348.jpg,none
349.jpg,none
350.jpg,none
351.jpg,none
352.jpg,none
353.jpg,none
354.jpg,none
355.jpg,none
356.jpg,none
357.jpg,none
358.jpg,none
359.jpg,none
360.jpg,none
361.jpg,none
362.jpg,none
363.jpg,none
364.jpg,none
365.jpg,none
366.jpg,none
367.jpg,none
368.jpg,none
369.jpg,everflame_seed
370.jpg,none
371.jpg,none
372.jpg,none
373.jpg,none
374.jpg,none
375.jpg,none
376.jpg,bone_shard_1
377.jpg,none
378.jpg,none
379.jpg,none
380.jpg,none
381.jpg,none
382.jpg,none
383.jpg,varunada_lazurite_1
384.jpg,none
385.jpg,none
386.jpg,none
387.jpg,none
388.jpg,none
389.jpg,none
390.jpg,none
391.jpg,vayuda_turqoise_0
392.jpg,none
393.jpg,none
394.jpg,none
395.jpg,none
396.jpg,none
397.jpg,none
398.jpg,none
399.jpg,none
400.jpg,none
401.jpg,none
402.jpg,none
403.jpg,none
404.jpg,none
405.jpg,none
406.jpg,none
407.jpg,none
408.jpg,none
409.jpg,none
410.jpg,none
411.jpg,none
412.jpg,none
413.jpg,none
414.jpg,none
415.jpg,none
416.jpg,none
417.jpg,none
418.jpg,none
419.jpg,none
420.jpg,none
421.jpg,none
422.jpg,none
423.jpg,none
424.jpg,none
425.jpg,none
426.jpg,none
427.jpg,none
428.jpg,none
429.jpg,none
430.jpg,none
431.jpg,none
432.jpg,none
433.jpg,none
434.jpg,none
435.jpg,none
436.jpg,none
437.jpg,none
438.jpg,none
439.jpg,none
440.jpg,none
441.jpg,none
442.jpg,none
443.jpg,none
444.jpg,none
445.jpg,none
446.jpg,none
447.jpg,none
448.jpg,none
449.jpg,none
450.jpg,none
451.jpg,none
452.jpg,none
453.jpg,none
454.jpg,none
455.jpg,none
456.jpg,none
457.jpg,none
458.jpg,none
459.jpg,none
460.jpg,none
461.jpg,none
462.jpg,none
463.jpg,none
464.jpg,none
465.jpg,none
466.jpg,none
467.jpg,none
468.jpg,none
469.jpg,none
470.jpg,none
471.jpg,none
472.jpg,none
473.jpg,none
474.jpg,none
475.jpg,none
476.jpg,none
477.jpg,none
478.jpg,none
479.jpg,none
480.jpg,none
481.jpg,none
482.jpg,none
483.jpg,none
484.jpg,none
485.jpg,none
486.jpg,none
487.jpg,none
488.jpg,none
489.jpg,none
490.jpg,none
491.jpg,none
492.jpg,none
493.jpg,none
494.jpg,none
495.jpg,none
496.jpg,none
497.jpg,none
498.jpg,none
499.jpg,none
500.jpg,none
501.jpg,none
502.jpg,none
503.jpg,none
504.jpg,none
505.jpg,none
506.jpg,none
507.jpg,none
508.jpg,none
509.jpg,none
510.jpg,none
511.jpg,none
512.jpg,none
513.jpg,none
514.jpg,none
515.jpg,none
516.jpg,none
517.jpg,none
518.jpg,none
519.jpg,none
520.jpg,none
521.jpg,none
522.jpg,none
523.jpg,none
524.jpg,none
525.jpg,none
526.jpg,none
527.jpg,none
528.jpg,none
529.jpg,none
530.jpg,none
531.jpg,none
532.jpg,none
533.jpg,none
534.jpg,none
535.jpg,none
536.jpg,none
537.jpg,none
538.jpg,none
539.jpg,none
540.jpg,none
541.jpg,none
542.jpg,none
543.jpg,none
544.jpg,none
545.jpg,none
546.jpg,none
547.jpg,none
548.jpg,none
549.jpg,none
550.jpg,none
551.jpg,none
552.jpg,none
553.jpg,none
554.jpg,none
555.jpg,none
556.jpg,none
557.jpg,none
558.jpg,none
559.jpg,none
560.jpg,none
561.jpg,none
562.jpg,none
563.jpg,none
564.jpg,none
565.jpg,none
566.jpg,none
567.jpg,none
568.jpg,none
569.jpg,none
570.jpg,none
571.jpg,none
572.jpg,none
573.jpg,none
574.jpg,none
575.jpg,none
576.jpg,none
577.jpg,none
578.jpg,none
579.jpg,none
580.jpg,none
581.jpg,none
582.jpg,none
583.jpg,none
584.jpg,none
585.jpg,none
586.jpg,none
587.jpg,none
588.jpg,none
589.jpg,none
590.jpg,none
591.jpg,none
592.jpg,none
593.jpg,none
594.jpg,none
595.jpg,none
596.jpg,none
597.jpg,none
598.jpg,none
599.jpg,none
600.jpg,none
601.jpg,none
602.jpg,none
603.jpg,none
604.jpg,none
605.jpg,none
606.jpg,none
607.jpg,none
608.jpg,none
609.jpg,cleansing_heart
610.jpg,none
611.jpg,none
612.jpg,none
613.jpg,none
614.jpg,none
615.jpg,none
616.jpg,bone_shard_0
617.jpg,none
618.jpg,none
619.jpg,none
620.jpg,none
621.jpg,none
622.jpg,none
623.jpg,varunada_lazurite_0
624.jpg,none
625.jpg,none
626.jpg,none
627.jpg,none
628.jpg,none
629.jpg,none
630.jpg,none
631.jpg,shivada_jade_1
632.jpg,none
633.jpg,none
634.jpg,none
635.jpg,none
636.jpg,none
637.jpg,none
638.jpg,none
639.jpg,none
640.jpg,none
641.jpg,none
642.jpg,none
643.jpg,none
644.jpg,none
645.jpg,none
646.jpg,none
647.jpg,none
648.jpg,none
649.jpg,none
650.jpg,none
651.jpg,none
652.jpg,none
653.jpg,none
654.jpg,none
655.jpg,none
656.jpg,none
657.jpg,none
658.jpg,none
659.jpg,none
660.jpg,none
661.jpg,none
662.jpg,none
663.jpg,none
664.jpg,none
665.jpg,none
666.jpg,none
667.jpg,none
668.jpg,none
669.jpg,none
670.jpg,none
671.jpg,none
672.jpg,none
673.jpg,none
674.jpg,none
675.jpg,none
676.jpg,none
677.jpg,none
678.jpg,none
679.jpg,none
680.jpg,none
681.jpg,none
682.jpg,none
683.jpg,none
684.jpg,none
685.jpg,none
686.jpg,none
687.jpg,none
688.jpg,none
689.jpg,none
690.jpg,none
691.jpg,none
692.jpg,none
693.jpg,none
694.jpg,none
695.jpg,none
696.jpg,none
697.jpg,none
698.jpg,none
699.jpg,none
700.jpg,none
701.jpg,none
702.jpg,none
703.jpg,none
704.jpg,none
705.jpg,none
706.jpg,none
707.jpg,none
708.jpg,none
709.jpg,none
710.jpg,none
711.jpg,none
712.jpg,none
713.jpg,none
714.jpg,none
715.jpg,none
716.jpg,none
717.jpg,none
718.jpg,none
719.jpg,none
720.jpg,none
721.jpg,none
722.jpg,none
723.jpg,none
724.jpg,none
725.jpg,none
726.jpg,none
727.jpg,none
728.jpg,none
729.jpg,none
730.jpg,none
731.jpg,none
732.jpg,none
733.jpg,none
734.jpg,none
735.jpg,none
736.jpg,none
737.jpg,none
738.jpg,none
739.jpg,none
740.jpg,none
741.jpg,none
742.jpg,none
743.jpg,none
744.jpg,none
745.jpg,none
746.jpg,none
747.jpg,none
748.jpg,none
749.jpg,none
750.jpg,none
751.jpg,none
752.jpg,none
753.jpg,none
754.jpg,none
755.jpg,none
756.jpg,none
757.jpg,none
758.jpg,none
759.jpg,none
760.jpg,none
761.jpg,none
762.jpg,none
763.jpg,none
764.jpg,none
765.jpg,none
766.jpg,none
767.jpg,none
768.jpg,none
769.jpg,none
770.jpg,none
771.jpg,none
772.jpg,none
773.jpg,none
774.jpg,none
775.jpg,none
776.jpg,none
777.jpg,none
778.jpg,none
779.jpg,none
780.jpg,none
781.jpg,none
782.jpg,none
783.jpg,none
784.jpg,none
785.jpg,none
786.jpg,none
787.jpg,none
788.jpg,none
789.jpg,none
790.jpg,none
791.jpg,none
792.jpg,none
793.jpg,none
794.jpg,none
795.jpg,none
796.jpg,none
797.jpg,none
798.jpg,none
799.jpg,none
800.jpg,none
801.jpg,none
802.jpg,none
803.jpg,none
804.jpg,none
805.jpg,none
806.jpg,none
807.jpg,none
808.jpg,none
809.jpg,none
810.jpg,none
811.jpg,none
812.jpg,none
813.jpg,none
814.jpg,none
815.jpg,none
816.jpg,none
817.jpg,none
818.jpg,none
819.jpg,none
820.jpg,none
821.jpg,none
822.jpg,none
823.jpg,none
824.jpg,none
825.jpg,none
826.jpg,none
827.jpg,none
828.jpg,none
829.jpg,none
830.jpg,none
831.jpg,none
832.jpg,none
833.jpg,none
834.jpg,none
835.jpg,none
836.jpg,none
837.jpg,none
838.jpg,none
839.jpg,none
840.jpg,none
841.jpg,none
842.jpg,none
843.jpg,none
844.jpg,none
845.jpg,none
846.jpg,none
847.jpg,none
848.jpg,none
849.jpg,juvenile_jade
850.jpg,none
851.jpg,none
852.jpg,none
853.jpg,none
854.jpg,none
855.jpg,none
856.jpg,none
857.jpg,none
858.jpg,none
859.jpg,none
860.jpg,none
861.jpg,none
862.jpg,none
863.jpg,none
864.jpg,none
865.jpg,none
866.jpg,none
867.jpg,none
868.jpg,none
869.jpg,shivada_jade_0
870.jpg,none
871.jpg,none
872.jpg,none
873.jpg,none
874.jpg,none
875.jpg,none
876.jpg,none
877.jpg,none
878.jpg,none
879.jpg,none
880.jpg,none
881.jpg,none
882.jpg,none
883.jpg,none
884.jpg,none
885.jpg,none
886.jpg,none
887.jpg,none
888.jpg,none
889.jpg,none
890.jpg,none
891.jpg,none
892.jpg,none
893.jpg,none
894.jpg,none
895.jpg,none
896.jpg,none
897.jpg,none
898.jpg,none
899.jpg,none
900.jpg,none
901.jpg,none
902.jpg,none
903.jpg,none
904.jpg,none
905.jpg,none
906.jpg,none
907.jpg,none
908.jpg,none
909.jpg,none
910.jpg,none
911.jpg,none
912.jpg,none
913.jpg,none
914.jpg,none
915.jpg,none
916.jpg,none
917.jpg,none
918.jpg,none
919.jpg,none
920.jpg,none
921.jpg,none
922.jpg,none
923.jpg,none
924.jpg,none
925.jpg,none
926.jpg,none
927.jpg,none
928.jpg,none
929.jpg,none
930.jpg,none
931.jpg,none
932.jpg,none
933.jpg,none
934.jpg,none
935.jpg,none
936.jpg,none
937.jpg,none
938.jpg,none
939.jpg,none
940.jpg,none
941.jpg,none
942.jpg,none
943.jpg,none
944.jpg,none
945.jpg,none
946.jpg,none
947.jpg,none
948.jpg,none
949.jpg,none
950.jpg,none
951.jpg,none
952.jpg,none
953.jpg,none
954.jpg,none
955.jpg,none
956.jpg,none
957.jpg,none
958.jpg,none
959.jpg,none
960.jpg,none
961.jpg,none
962.jpg,none
963.jpg,none
964.jpg,none
965.jpg,none
966.jpg,none
967.jpg,none
968.jpg,none
969.jpg,none
970.jpg,none
971.jpg,none
972.jpg,none
973.jpg,none
974.jpg,none
975.jpg,none
976.jpg,none
977.jpg,none
978.jpg,none
979.jpg,none
980.jpg,none
981.jpg,none
982.jpg,none
983.jpg,none
984.jpg,none
985.jpg,none
986.jpg,none
987.jpg,none
988.jpg,none
989.jpg,none
990.jpg,none
991.jpg,none
992.jpg,none
993.jpg,none
994.jpg,none
995.jpg,none
996.jpg,none
997.jpg,none
998.jpg,none
999.jpg,none
1000.jpg,none
1001.jpg,none
1002.jpg,none
1003.jpg,none
1004.jpg,none
1005.jpg,none
1006.jpg,none
1007.jpg,none
1008.jpg,none
1009.jpg,none
1010.jpg,none
1011.jpg,none
1012.jpg,none
1013.jpg,none
1014.jpg,none
1015.jpg,none
1016.jpg,none
1017.jpg,none
1018.jpg,none
1019.jpg,none
1020.jpg,none
1021.jpg,none
1022.jpg,none
1023.jpg,none
1024.jpg,none
1025.jpg,none
1026.jpg,none
1027.jpg,none
1028.jpg,none
1029.jpg,none
1030.jpg,none
1031.jpg,none
1032.jpg,none
1033.jpg,none
1034.jpg,none
1035.jpg,none
1036.jpg,none
1037.jpg,none
1038.jpg,none
1039.jpg,none
1040.jpg,none
1041.jpg,none
1042.jpg,none
1043.jpg,none
1044.jpg,none
1045.jpg,none
1046.jpg,none
1047.jpg,none
1048.jpg,none
1049.jpg,none
1050.jpg,none
1051.jpg,none
1052.jpg,none
1053.jpg,none
1054.jpg,none
1055.jpg,none
1056.jpg,none
1057.jpg,none
1058.jpg,none
1059.jpg,none
1060.jpg,none
1061.jpg,none
1062.jpg,none
1063.jpg,none
1064.jpg,none
1065.jpg,none
1066.jpg,none
1067.jpg,none
1068.jpg,none
1069.jpg,none
1070.jpg,none
1071.jpg,none
1072.jpg,none
1073.jpg,none
1074.jpg,none
1075.jpg,none
1076.jpg,none
1077.jpg,none
1078.jpg,none
1079.jpg,none
1080.jpg,none
1081.jpg,none
1082.jpg,none
1083.jpg,none
1084.jpg,none
1085.jpg,none
1086.jpg,none
1087.jpg,nectar_2
1088.jpg,none
1089.jpg,none
1090.jpg,none
1091.jpg,none
1092.jpg,none
1093.jpg,none
1094.jpg,agnidus_agate_1
1095.jpg,none
1096.jpg,none
1097.jpg,none
1098.jpg,none
1099.jpg,none
1100.jpg,none
1101.jpg,vajrada_amethyst_1
1102.jpg,none
1103.jpg,none
1104.jpg,none
1105.jpg,none
1106.jpg,none
1107.jpg,none
1108.jpg,none
1109.jpg,prithiva_topaz_1
1110.jpg,none
1111.jpg,none
1112.jpg,none
1113.jpg,none
1114.jpg,none
1115.jpg,none
1116.jpg,none
1117.jpg,none
1118.jpg,none
1119.jpg,none
1120.jpg,none
1121.jpg,none
1122.jpg,none
1123.jpg,none
1124.jpg,none
1125.jpg,none
1126.jpg,none
1127.jpg,none
1128.jpg,none
1129.jpg,none
1130.jpg,none
1131.jpg,none
1132.jpg,none
1133.jpg,none
1134.jpg,none
1135.jpg,none
1136.jpg,none
1137.jpg,none
1138.jpg,none
1139.jpg,none
1140.jpg,none
1141.jpg,none
1142.jpg,none
1143.jpg,none
1144.jpg,none
1145.jpg,none
1146.jpg,none
1147.jpg,none
1148.jpg,none
1149.jpg,none
1150.jpg,none
1151.jpg,none
1152.jpg,none
1153.jpg,none
1154.jpg,none
1155.jpg,none
1156.jpg,none
1157.jpg,none
1158.jpg,none
1159.jpg,none
1160.jpg,none
1161.jpg,none
1162.jpg,none
1163.jpg,none
1164.jpg,none
1165.jpg,none
1166.jpg,none
1167.jpg,none
1168.jpg,none
1169.jpg,none
1170.jpg,none
1171.jpg,none
1172.jpg,none
1173.jpg,none
1174.jpg,none
1175.jpg,none
1176.jpg,none
1177.jpg,none
1178.jpg,none
1179.jpg,none
1180.jpg,none
1181.jpg,none
1182.jpg,none
1183.jpg,none
1184.jpg,none
1185.jpg,none
1186.jpg,none
1187.jpg,none
1188.jpg,none
1189.jpg,none
1190.jpg,none
1191.jpg,none
1192.jpg,none
1193.jpg,none
1194.jpg,none
1195.jpg,none
1196.jpg,none
1197.jpg,none
1198.jpg,none
1199.jpg,none
1200.jpg,none
1201.jpg,none
1202.jpg,none
1203.jpg,none
1204.jpg,none
1205.jpg,none
1206.jpg,none
1207.jpg,none
1208.jpg,none
1209.jpg,none
1210.jpg,none
1211.jpg,none
1212.jpg,none
1213.jpg,none
1214.jpg,none
1215.jpg,none
1216.jpg,none
1217.jpg,none
1218.jpg,none
1219.jpg,none
1220.jpg,none
1221.jpg,none
1222.jpg,none
1223.jpg,none
1224.jpg,none
1225.jpg,none
1226.jpg,none
1227.jpg,none
1228.jpg,none
1229.jpg,none
1230.jpg,none
1231.jpg,none
1232.jpg,none
1233.jpg,none
1234.jpg,none
1235.jpg,none
1236.jpg,none
1237.jpg,none
1238.jpg,none
1239.jpg,none
1240.jpg,none
1241.jpg,none
1242.jpg,none
1243.jpg,none
1244.jpg,none
1245.jpg,none
1246.jpg,none
1247.jpg,none
1248.jpg,none
1249.jpg,none
1250.jpg,none
1251.jpg,none
1252.jpg,none
1253.jpg,none
1254.jpg,none
1255.jpg,none
1256.jpg,none
1257.jpg,none
1258.jpg,none
1259.jpg,none
1260.jpg,none
1261.jpg,none
1262.jpg,none
1263.jpg,none
1264.jpg,none
1265.jpg,none
1266.jpg,none
1267.jpg,none
1268.jpg,none
1269.jpg,none
1270.jpg,none
1271.jpg,none
1272.jpg,none
1273.jpg,none
1274.jpg,none
1275.jpg,none
1276.jpg,none
1277.jpg,none
1278.jpg,none
1279.jpg,none
1280.jpg,none
1281.jpg,none
1282.jpg,none
1283.jpg,none
1284.jpg,none
1285.jpg,none
1286.jpg,none
1287.jpg,none
1288.jpg,none
1289.jpg,none
1290.jpg,none
1291.jpg,none
1292.jpg,none
1293.jpg,none
1294.jpg,none
1295.jpg,none
1296.jpg,none
1297.jpg,none
1298.jpg,none
1299.jpg,none
1300.jpg,none
1301.jpg,none
1302.jpg,none
1303.jpg,none
1304.jpg,none
1305.jpg,none
1306.jpg,none
1307.jpg,none
1308.jpg,none
1309.jpg,none
1310.jpg,none
1311.jpg,none
1312.jpg,none
1313.jpg,none
1314.jpg,none
1315.jpg,none
1316.jpg,none
1317.jpg,none
1318.jpg,none
1319.jpg,none
1320.jpg,none
1321.jpg,none
1322.jpg,none
1323.jpg,none
1324.jpg,none
1325.jpg,none
1326.jpg,none
1327.jpg,nectar_1
1328.jpg,none
1329.jpg,none
1330.jpg,none
1331.jpg,none
1332.jpg,none
1333.jpg,none
1334.jpg,agnidus_agate_0
1335.jpg,none
1336.jpg,none
1337.jpg,none
1338.jpg,none
1339.jpg,none
1340.jpg,none
1341.jpg,vajrada_amethyst_0
1342.jpg,none
1343.jpg,none
1344.jpg,none
1345.jpg,none
1346.jpg,none
1347.jpg,none
1348.jpg,none
1349.jpg,prithiva_topaz_0
1350.jpg,none
1351.jpg,none
1352.jpg,none
1353.jpg,none
1354.jpg,none
1355.jpg,none
1356.jpg,none
1357.jpg,none
1358.jpg,none
1359.jpg,none
1360.jpg,none
1361.jpg,none
1362.jpg,none
1363.jpg,none
1364.jpg,none
1365.jpg,none
1366.jpg,none
1367.jpg,none
1368.jpg,none
1369.jpg,none
1370.jpg,none
1371.jpg,none
1372.jpg,none
1373.jpg,none
1374.jpg,none
1375.jpg,none
1376.jpg,none
1377.jpg,none
1378.jpg,none
1379.jpg,none
1380.jpg,none
1381.jpg,none
1382.jpg,none
1383.jpg,none
1384.jpg,none
1385.jpg,none
1386.jpg,none
1387.jpg,none
1388.jpg,none
1389.jpg,none
1390.jpg,none
1391.jpg,none
1392.jpg,none
1393.jpg,none
1394.jpg,none
1395.jpg,none
1396.jpg,none
1397.jpg,none
1398.jpg,none
1399.jpg,none
1400.jpg,none
1401.jpg,none
1402.jpg,none
1403.jpg,none
1404.jpg,none
1405.jpg,none
1406.jpg,none
1407.jpg,none
1408.jpg,none
1409.jpg,none
1410.jpg,none
1411.jpg,none
1412.jpg,none
1413.jpg,none
1414.jpg,none
1415.jpg,none
1416.jpg,none
1417.jpg,none
1418.jpg,none
1419.jpg,none
1420.jpg,none
1421.jpg,none
1422.jpg,none
1423.jpg,none
1424.jpg,none
1425.jpg,none
1426.jpg,none
1427.jpg,none
1428.jpg,none
1429.jpg,none
1430.jpg,none
1431.jpg,none
1432.jpg,none
1433.jpg,none
1434.jpg,none
1435.jpg,none
1436.jpg,none
1437.jpg,none
1438.jpg,none
1439.jpg,none
1440.jpg,none
1441.jpg,none
1442.jpg,none
1443.jpg,none
1444.jpg,none
1445.jpg,none
1446.jpg,none
1447.jpg,none
1448.jpg,none
1449.jpg,none
1450.jpg,none
1451.jpg,none
1452.jpg,none
1453.jpg,none
1454.jpg,none
1455.jpg,none
1456.jpg,none
1457.jpg,none
1458.jpg,none
1459.jpg,none
1460.jpg,none
1461.jpg,none
1462.jpg,none
1463.jpg,none
1464.jpg,none
1465.jpg,none
1466.jpg,none
1467.jpg,none
1468.jpg,none
1469.jpg,none
1470.jpg,none
1471.jpg,none
1472.jpg,none
1473.jpg,none
1474.jpg,none
1475.jpg,none
1476.jpg,none
1477.jpg,none
1478.jpg,none
1479.jpg,none
1480.jpg,none
1481.jpg,none
1482.jpg,none
1483.jpg,none
1484.jpg,none
1485.jpg,none
1486.jpg,none
1487.jpg,none
1488.jpg,none
1489.jpg,none
1490.jpg,none
1491.jpg,none
1492.jpg,none
1493.jpg,none
1494.jpg,none
1495.jpg,none
1496.jpg,none
1497.jpg,none
1498.jpg,none
1499.jpg,none
1500.jpg,none
1501.jpg,none
1502.jpg,none
1503.jpg,none
1504.jpg,none
1505.jpg,none
1506.jpg,none
1507.jpg,none
1508.jpg,none
1509.jpg,none
1510.jpg,none
1511.jpg,none
1512.jpg,none
1513.jpg,none
1514.jpg,none
1515.jpg,none
1516.jpg,none
1517.jpg,none
1518.jpg,none
1519.jpg,none
1520.jpg,none
1521.jpg,none
1522.jpg,none
1523.jpg,none
1524.jpg,none
1525.jpg,none
1526.jpg,none
1527.jpg,none
1528.jpg,none
1529.jpg,none
1530.jpg,none
1531.jpg,none
1532.jpg,none
1533.jpg,none
1534.jpg,none
1535.jpg,none
1536.jpg,none
1537.jpg,none
1538.jpg,none
1539.jpg,none
1540.jpg,none
1541.jpg,none
1542.jpg,none
1543.jpg,none
1544.jpg,none
1545.jpg,none
1546.jpg,none
1547.jpg,none
1548.jpg,none
1549.jpg,none
1550.jpg,none
1551.jpg,none
1552.jpg,none
1553.jpg,none
1554.jpg,none
1555.jpg,none
1556.jpg,none
1557.jpg,none
1558.jpg,none
1559.jpg,none
1560.jpg,none
1561.jpg,none
1562.jpg,none
1563.jpg,none
1564.jpg,none
1565.jpg,none
1566.jpg,none
1567.jpg,nectar_0
1568.jpg,none
1569.jpg,none
1570.jpg,none
1571.jpg,none
1572.jpg,none
1573.jpg,none
1574.jpg,varunada_lazurite_3
1575.jpg,none
1576.jpg,none
1577.jpg,none
1578.jpg,none
1579.jpg,none
1580.jpg,none
1581.jpg,vayuda_turqoise_2
1582.jpg,none
1583.jpg,none
1584.jpg,none
1585.jpg,none
1586.jpg,none
1587.jpg,none
1588.jpg,none
1589.jpg,freedom_2
1590.jpg,none
1591.jpg,none
1592.jpg,none
1593.jpg,none
1594.jpg,none
1595.jpg,none
1596.jpg,none
1597.jpg,none
1598.jpg,none
1599.jpg,none
1600.jpg,none
1601.jpg,none
1602.jpg,none
1603.jpg,none
1604.jpg,none
1605.jpg,none
1606.jpg,none
1607.jpg,none
1608.jpg,none
1609.jpg,none
1610.jpg,none
1611.jpg,none
1612.jpg,none
1613.jpg,none
1614.jpg,none
1615.jpg,none
1616.jpg,none
1617.jpg,none
1618.jpg,none
1619.jpg,none
1620.jpg,none
1621.jpg,none
1622.jpg,none
1623.jpg,none
1624.jpg,none
1625.jpg,none
1626.jpg,none
1627.jpg,none
1628.jpg,none
1629.jpg,none
1630.jpg,none
1631.jpg,none
1632.jpg,none
1633.jpg,none
1634.jpg,none
1635.jpg,none
1636.jpg,none
1637.jpg,none
1638.jpg,none
1639.jpg,none
1640.jpg,none
1641.jpg,none
1642.jpg,none
1643.jpg,none
1644.jpg,none
1645.jpg,none
1646.jpg,none
1647.jpg,none
1648.jpg,none
1649.jpg,none
1650.jpg,none
1651.jpg,none
1652.jpg,none
1653.jpg,none
1654.jpg,none
1655.jpg,none
1656.jpg,none
1657.jpg,none
1658.jpg,none
1659.jpg,none
1660.jpg,none
1661.jpg,none
1662.jpg,none
1663.jpg,none
1664.jpg,none
1665.jpg,none
1666.jpg,none
1667.jpg,none
1668.jpg,none
1669.jpg,none
1670.jpg,none
1671.jpg,none
1672.jpg,none
1673.jpg,none
1674.jpg,none
1675.jpg,none
1676.jpg,none
1677.jpg,none
1678.jpg,none
1679.jpg,none
1680.jpg,none
1681.jpg,none
1682.jpg,none
1683.jpg,none
1684.jpg,none
1685.jpg,none
1686.jpg,none
1687.jpg,none
1688.jpg,none
1689.jpg,none
1690.jpg,none
1691.jpg,none
1692.jpg,none
1693.jpg,none
1694.jpg,none
1695.jpg,none
1696.jpg,none
1697.jpg,none
1698.jpg,none
1699.jpg,none
1700.jpg,none
1701.jpg,none
1702.jpg,none
1703.jpg,none
1704.jpg,none
1705.jpg,none
1706.jpg,none
1707.jpg,none
1708.jpg,none
1709.jpg,none
1710.jpg,none
1711.jpg,none
1712.jpg,none
1713.jpg,none
1714.jpg,none
1715.jpg,none
1716.jpg,none
1717.jpg,none
1718.jpg,none
1719.jpg,none
1720.jpg,none
1721.jpg,none
1722.jpg,none
1723.jpg,none
1724.jpg,none
1725.jpg,none
1726.jpg,none
1727.jpg,none
1728.jpg,none
1729.jpg,none
1730.jpg,none
1731.jpg,none
1732.jpg,none
1733.jpg,none
1734.jpg,none
1735.jpg,none
1736.jpg,none
1737.jpg,none
1738.jpg,none
1739.jpg,none
1740.jpg,none
1741.jpg,none
1742.jpg,none
1743.jpg,none
1744.jpg,none
1745.jpg,none
1746.jpg,none
1747.jpg,none
1748.jpg,none
1749.jpg,none
1750.jpg,none
1751.jpg,none
1752.jpg,none
1753.jpg,none
1754.jpg,none
1755.jpg,none
1756.jpg,none
1757.jpg,none
1758.jpg,none
1759.jpg,none
1760.jpg,none
1761.jpg,none
1762.jpg,none
1763.jpg,none
1764.jpg,none
1765.jpg,none
1766.jpg,none
1767.jpg,none
1768.jpg,none
1769.jpg,none
1770.jpg,none
1771.jpg,none
1772.jpg,none
1773.jpg,none
1774.jpg,none
1775.jpg,none
1776.jpg,none
1777.jpg,none
1778.jpg,none
1779.jpg,none
1780.jpg,none
1781.jpg,none
1782.jpg,none
1783.jpg,none
1784.jpg,none
1785.jpg,none
1786.jpg,none
1787.jpg,none
1788.jpg,none
1789.jpg,none
1790.jpg,none
1791.jpg,none
1792.jpg,none
1793.jpg,none
1794.jpg,none
1795.jpg,none
1796.jpg,none
1797.jpg,none
1798.jpg,none
1799.jpg,none
1800.jpg,none
1801.jpg,none
1802.jpg,none
1803.jpg,none
1804.jpg,none
1805.jpg,none
1806.jpg,none
1807.jpg,bone_shard_2
1808.jpg,none
1809.jpg,none
1810.jpg,none
1811.jpg,none
1812.jpg,none
1813.jpg,none
1814.jpg,varunada_lazurite_2
1815.jpg,none
1816.jpg,none
1817.jpg,none
1818.jpg,none
1819.jpg,none
1820.jpg,none
1821.jpg,vayuda_turqoise_1
1822.jpg,none
1823.jpg,none
1824.jpg,none
1825.jpg,none
1826.jpg,none
1827.jpg,none
1828.jpg,none
1829.jpg,freedom_1
1830.jpg,none
1831.jpg,none
1832.jpg,none
1833.jpg,none
1834.jpg,none
1835.jpg,none
1836.jpg,none
1837.jpg,none
1838.jpg,none
1839.jpg,none
1840.jpg,none
1841.jpg,none
1842.jpg,none
1843.jpg,none
1844.jpg,none
1845.jpg,none
1846.jpg,none
1847.jpg,none
1848.jpg,none
1849.jpg,none
1850.jpg,none
1851.jpg,none
1852.jpg,none
1853.jpg,none
1854.jpg,none
1855.jpg,none
1856.jpg,none
1857.jpg,none
1858.jpg,none
1859.jpg,none
1860.jpg,none
1861.jpg,none
1862.jpg,none
1863.jpg,none
1864.jpg,none
1865.jpg,none
1866.jpg,none
1867.jpg,none
1868.jpg,none
1869.jpg,none
1870.jpg,none
1871.jpg,none
1872.jpg,none
1873.jpg,none
1874.jpg,none
1875.jpg,none
1876.jpg,none
1877.jpg,none
1878.jpg,none
1879.jpg,none
1880.jpg,none
1881.jpg,none
1882.jpg,none
1883.jpg,none
1884.jpg,none
1885.jpg,none
1886.jpg,none
1887.jpg,none
1888.jpg,none
1889.jpg,none
1890.jpg,none
1891.jpg,none
1892.jpg,none
1893.jpg,none
1894.jpg,none
1895.jpg,none
1896.jpg,none
1897.jpg,none
1898.jpg,none
1899.jpg,none
1900.jpg,none
1901.jpg,none
1902.jpg,none
1903.jpg,none
1904.jpg,none
1905.jpg,none
1906.jpg,none
1907.jpg,none
1908.jpg,none
1909.jpg,none
1910.jpg,none
1911.jpg,none
1912.jpg,none
1913.jpg,none
1914.jpg,none
1915.jpg,none
1916.jpg,none
1917.jpg,none
1918.jpg,none
1919.jpg,none
1920.jpg,none
1921.jpg,none
1922.jpg,none
1923.jpg,none
1924.jpg,none
1925.jpg,none
1926.jpg,none
1927.jpg,none
1928.jpg,none
1929.jpg,none
1930.jpg,none
1931.jpg,none
1932.jpg,none
1933.jpg,none
1934.jpg,none
1935.jpg,none
1936.jpg,none
1937.jpg,none
1938.jpg,none
1939.jpg,none
1940.jpg,none
1941.jpg,none
1942.jpg,none
1943.jpg,none
1944.jpg,none
1945.jpg,none
1946.jpg,none
1947.jpg,none
1948.jpg,none
1949.jpg,none
1950.jpg,none
1951.jpg,none
1952.jpg,none
1953.jpg,none
1954.jpg,none
1955.jpg,none
1956.jpg,none
1957.jpg,none
1958.jpg,none
1959.jpg,none
1960.jpg,none
1961.jpg,none
1962.jpg,none
1963.jpg,none
1964.jpg,none
1965.jpg,none
1966.jpg,none
1967.jpg,none
1968.jpg,none
1969.jpg,none
1970.jpg,none
1971.jpg,none
1972.jpg,none
1973.jpg,none
1974.jpg,none
1975.jpg,none
1976.jpg,none
1977.jpg,none
1978.jpg,none
1979.jpg,none
1980.jpg,none
1981.jpg,none
1982.jpg,none
1983.jpg,none
1984.jpg,none
1985.jpg,none
1986.jpg,none
1987.jpg,none
1988.jpg,none
1989.jpg,none
1990.jpg,none
1991.jpg,none
1992.jpg,none
1993.jpg,none
1994.jpg,none
1995.jpg,none
1996.jpg,none
1997.jpg,none
1998.jpg,none
1999.jpg,none
2000.jpg,none
2001.jpg,none
2002.jpg,none
2003.jpg,none
2004.jpg,none
2005.jpg,none
2006.jpg,none
2007.jpg,none
2008.jpg,none
2009.jpg,none
2010.jpg,none
2011.jpg,none
2012.jpg,none
2013.jpg,none
2014.jpg,none
2015.jpg,none
2016.jpg,none
2017.jpg,none
2018.jpg,none
2019.jpg,none
2020.jpg,none
2021.jpg,none
2022.jpg,none
2023.jpg,none
2024.jpg,none
2025.jpg,none
2026.jpg,none
2027.jpg,none
2028.jpg,none
2029.jpg,none
2030.jpg,none
2031.jpg,none
2032.jpg,none
2033.jpg,none
2034.jpg,none
2035.jpg,none
2036.jpg,none
2037.jpg,none
2038.jpg,none
2039.jpg,none
2040.jpg,none
2041.jpg,none
2042.jpg,none
2043.jpg,none
2044.jpg,none
2045.jpg,none
2046.jpg,none
2047.jpg,none
2048.jpg,none
2049.jpg,none
2050.jpg,none
2051.jpg,none
2052.jpg,none
2053.jpg,none
2054.jpg,none
2055.jpg,none
2056.jpg,none
2057.jpg,none
2058.jpg,none
2059.jpg,none
2060.jpg,none
2061.jpg,none
2062.jpg,none
2063.jpg,none
2064.jpg,none
2065.jpg,none
2066.jpg,none
2067.jpg,none
2068.jpg,none
2069.jpg,none
2070.jpg,none
2071.jpg,none
2072.jpg,none
2073.jpg,none
2074.jpg,none
2075.jpg,none
2076.jpg,none
2077.jpg,none
2078.jpg,none
2079.jpg,none
2080.jpg,none
2081.jpg,none
2082.jpg,none
2083.jpg,none
2084.jpg,none
2085.jpg,none
2086.jpg,none
2087.jpg,none
2088.jpg,none
2089.jpg,none
2090.jpg,none
2091.jpg,none
2092.jpg,none
2093.jpg,none
2094.jpg,none
2095.jpg,none
2096.jpg,none
2097.jpg,none
2098.jpg,none
2099.jpg,none
2100.jpg,none
2101.jpg,none
2102.jpg,none
2103.jpg,none
2104.jpg,none
2105.jpg,none
2106.jpg,none
2107.jpg,none
2108.jpg,none
2109.jpg,none
2110.jpg,none
2111.jpg,none
2112.jpg,none
2113.jpg,none
2114.jpg,none
2115.jpg,none
2116.jpg,none
2117.jpg,none
2118.jpg,none
2119.jpg,none
2120.jpg,none
2121.jpg,none
2122.jpg,none
2123.jpg,none
2124.jpg,none
2125.jpg,none
2126.jpg,none
2127.jpg,none
2128.jpg,none
2129.jpg,none
2130.jpg,none
2131.jpg,none
2132.jpg,none
2133.jpg,none
2134.jpg,none
2135.jpg,none
2136.jpg,none
2137.jpg,none
2138.jpg,none
2139.jpg,none
2140.jpg,none
2141.jpg,none
2142.jpg,none
2143.jpg,none
2144.jpg,none
2145.jpg,none
2146.jpg,none
2147.jpg,none
2148.jpg,none
2149.jpg,none
2150.jpg,none
2151.jpg,none
2152.jpg,none
2153.jpg,none
2154.jpg,none
2155.jpg,none
2156.jpg,none
2157.jpg,none
2158.jpg,none
2159.jpg,none
2160.jpg,none
2161.jpg,none
2162.jpg,none
2163.jpg,none
2164.jpg,none
2165.jpg,none
2166.jpg,none
2167.jpg,none
2168.jpg,none
2169.jpg,none
2170.jpg,none
2171.jpg,none
2172.jpg,none
2173.jpg,none
2174.jpg,none
2175.jpg,none
2176.jpg,none
2177.jpg,none
2178.jpg,none
2179.jpg,none
2180.jpg,none
2181.jpg,none
2182.jpg,none
2183.jpg,none
2184.jpg,none
2185.jpg,none
2186.jpg,none
2187.jpg,none
2188.jpg,none
2189.jpg,none
2190.jpg,none
2191.jpg,none
2192.jpg,none
2193.jpg,none
2194.jpg,none
2195.jpg,none
2196.jpg,none
2197.jpg,none
2198.jpg,none
2199.jpg,none
2200.jpg,none
2201.jpg,none
2202.jpg,none
2203.jpg,none
2204.jpg,none
2205.jpg,none
2206.jpg,none
2207.jpg,none
2208.jpg,none
2209.jpg,none
2210.jpg,none
2211.jpg,none
2212.jpg,none
2213.jpg,none
2214.jpg,none
2215.jpg,none
2216.jpg,none
2217.jpg,none
2218.jpg,none
2219.jpg,none
2220.jpg,none
2221.jpg,none
2222.jpg,none
2223.jpg,none
2224.jpg,none
2225.jpg,none
2226.jpg,none
2227.jpg,none
2228.jpg,none
2229.jpg,none
2230.jpg,none
2231.jpg,none
2232.jpg,none
2233.jpg,none
2234.jpg,none
2235.jpg,none
2236.jpg,none
2237.jpg,none
2238.jpg,none
2239.jpg,none
2240.jpg,none
2241.jpg,none
2242.jpg,none
2243.jpg,none
2244.jpg,none
2245.jpg,none
2246.jpg,none
2247.jpg,none
2248.jpg,none
2249.jpg,none
2250.jpg,none
2251.jpg,none
2252.jpg,none
2253.jpg,none
2254.jpg,none
2255.jpg,none
2256.jpg,none
2257.jpg,none
2258.jpg,none
2259.jpg,none
2260.jpg,none
2261.jpg,none
2262.jpg,none
2263.jpg,none
2264.jpg,none
2265.jpg,none
2266.jpg,none
2267.jpg,none
2268.jpg,none
2269.jpg,none
2270.jpg,none
2271.jpg,none
2272.jpg,none
2273.jpg,none
2274.jpg,none
2275.jpg,none
2276.jpg,none
2277.jpg,none
2278.jpg,none
2279.jpg,none
2280.jpg,none
2281.jpg,none
2282.jpg,none
2283.jpg,none
2284.jpg,none
2285.jpg,none
2286.jpg,none
2287.jpg,none
2288.jpg,none
2289.jpg,none
2290.jpg,none
2291.jpg,none
2292.jpg,none
2293.jpg,none
2294.jpg,none
2295.jpg,none
2296.jpg,none
2297.jpg,none
2298.jpg,none
2299.jpg,none
2300.jpg,none
2301.jpg,none
2302.jpg,none
2303.jpg,none
2304.jpg,none
2305.jpg,none
2306.jpg,none
2307.jpg,none
2308.jpg,none
2309.jpg,none
2310.jpg,none
2311.jpg,none
2312.jpg,none
2313.jpg,none
2314.jpg,none
2315.jpg,none
2316.jpg,none
2317.jpg,none
2318.jpg,none
2319.jpg,none
2320.jpg,none
2321.jpg,none
2322.jpg,none
2323.jpg,none
2324.jpg,none
2325.jpg,none
2326.jpg,none
2327.jpg,none
2328.jpg,none
2329.jpg,none
2330.jpg,none
2331.jpg,none
2332.jpg,none
2333.jpg,none
2334.jpg,none
2335.jpg,none
2336.jpg,none
2337.jpg,none
2338.jpg,none
2339.jpg,none
2340.jpg,none
2341.jpg,none
2342.jpg,none
2343.jpg,none
2344.jpg,none
2345.jpg,none
2346.jpg,none
2347.jpg,none
2348.jpg,none
2349.jpg,none
2350.jpg,none
2351.jpg,none
2352.jpg,none
2353.jpg,none
2354.jpg,none
2355.jpg,none
2356.jpg,none
2357.jpg,none
2358.jpg,none
2359.jpg,none
2360.jpg,none
2361.jpg,none
2362.jpg,none
2363.jpg,none
2364.jpg,none
2365.jpg,none
2366.jpg,none
2367.jpg,none
2368.jpg,none
2369.jpg,none
2370.jpg,none
2371.jpg,none
2372.jpg,none
2373.jpg,none
2374.jpg,none
2375.jpg,none
2376.jpg,none
2377.jpg,none
2378.jpg,none
2379.jpg,none
2380.jpg,none
2381.jpg,none
2382.jpg,none
2383.jpg,none
2384.jpg,none
2385.jpg,none
2386.jpg,none
2387.jpg,none
2388.jpg,none
2389.jpg,none
2390.jpg,none
2391.jpg,none
2392.jpg,none
2393.jpg,none
2394.jpg,none
2395.jpg,none
2396.jpg,none
2397.jpg,none
2398.jpg,none
2399.jpg,none
2400.jpg,none
2401.jpg,none
2402.jpg,none
2403.jpg,none
2404.jpg,none
2405.jpg,none
2406.jpg,none
2407.jpg,none
2408.jpg,none
2409.jpg,none
2410.jpg,none
2411.jpg,none
2412.jpg,none
2413.jpg,none
2414.jpg,none
2415.jpg,none
2416.jpg,none
2417.jpg,none
2418.jpg,none
2419.jpg,none
2420.jpg,none
2421.jpg,none
2422.jpg,none
2423.jpg,none
2424.jpg,none
2425.jpg,none
2426.jpg,none
2427.jpg,none
2428.jpg,none
2429.jpg,none
2430.jpg,none
2431.jpg,none
2432.jpg,none
2433.jpg,none
2434.jpg,none
2435.jpg,none
2436.jpg,none
2437.jpg,none
2438.jpg,none
2439.jpg,none
2440.jpg,none
2441.jpg,none
2442.jpg,none
2443.jpg,none
2444.jpg,none
2445.jpg,none
2446.jpg,none
2447.jpg,none
2448.jpg,none
2449.jpg,none
2450.jpg,none
2451.jpg,none
2452.jpg,none
2453.jpg,none
2454.jpg,none
2455.jpg,none
2456.jpg,none
2457.jpg,none
2458.jpg,none
2459.jpg,none
2460.jpg,none
2461.jpg,none
2462.jpg,none
2463.jpg,none
2464.jpg,none
2465.jpg,none
2466.jpg,none
2467.jpg,none
2468.jpg,none
2469.jpg,none
2470.jpg,none
2471.jpg,none
2472.jpg,none
2473.jpg,none
2474.jpg,none
2475.jpg,none
2476.jpg,none
2477.jpg,none
2478.jpg,none
2479.jpg,none
2480.jpg,none
2481.jpg,none
2482.jpg,none
2483.jpg,none
2484.jpg,none
2485.jpg,none
2486.jpg,none
2487.jpg,none
2488.jpg,none
2489.jpg,none
2490.jpg,none
2491.jpg,none
2492.jpg,none
2493.jpg,none
2494.jpg,none
2495.jpg,none
2496.jpg,none
2497.jpg,none
2498.jpg,none
2499.jpg,none
2500.jpg,none
2501.jpg,none
2502.jpg,none
2503.jpg,none
2504.jpg,none
2505.jpg,none
2506.jpg,none
2507.jpg,none
2508.jpg,none
2509.jpg,none
2510.jpg,none
2511.jpg,none
2512.jpg,none
2513.jpg,none
2514.jpg,none
2515.jpg,none
2516.jpg,none
2517.jpg,none
2518.jpg,none
2519.jpg,none
2520.jpg,none
2521.jpg,none
2522.jpg,none
2523.jpg,none
2524.jpg,none
2525.jpg,none
2526.jpg,none
2527.jpg,none
2528.jpg,none
2529.jpg,none
2530.jpg,none
2531.jpg,none
2532.jpg,none
2533.jpg,none
2534.jpg,none
2535.jpg,none
2536.jpg,none
2537.jpg,none
2538.jpg,none
2539.jpg,none
2540.jpg,none
2541.jpg,none
2542.jpg,none
2543.jpg,none
2544.jpg,none
2545.jpg,none
2546.jpg,none
2547.jpg,none
2548.jpg,none
2549.jpg,none
2550.jpg,none
2551.jpg,none
2552.jpg,none
2553.jpg,none
2554.jpg,none
2555.jpg,none
2556.jpg,none
2557.jpg,none
2558.jpg,none
2559.jpg,none
2560.jpg,none
2561.jpg,none
2562.jpg,none
2563.jpg,none
2564.jpg,none
2565.jpg,none
2566.jpg,none
2567.jpg,none
2568.jpg,none
2569.jpg,none
2570.jpg,none
2571.jpg,none
2572.jpg,none
2573.jpg,none
2574.jpg,none
2575.jpg,none
2576.jpg,none
2577.jpg,none
2578.jpg,none
2579.jpg,none
2580.jpg,none
2581.jpg,none
2582.jpg,none
2583.jpg,none
2584.jpg,none
2585.jpg,none
2586.jpg,none
2587.jpg,none
2588.jpg,none
2589.jpg,none
2590.jpg,none
2591.jpg,none
2592.jpg,none
2593.jpg,none
2594.jpg,none
2595.jpg,none
2596.jpg,none
2597.jpg,none
2598.jpg,none
2599.jpg,none
2600.jpg,none
2601.jpg,none
2602.jpg,none
2603.jpg,none
2604.jpg,none
2605.jpg,none
2606.jpg,none
2607.jpg,none
2608.jpg,none
2609.jpg,none
2610.jpg,none
2611.jpg,none
2612.jpg,none
2613.jpg,none
2614.jpg,none
2615.jpg,none
2616.jpg,none
2617.jpg,none
2618.jpg,none
2619.jpg,none
2620.jpg,none
2621.jpg,none
2622.jpg,none
2623.jpg,none
2624.jpg,none
2625.jpg,none
2626.jpg,none
2627.jpg,none
2628.jpg,none
2629.jpg,none
2630.jpg,none
2631.jpg,none
2632.jpg,none
2633.jpg,none
2634.jpg,none
2635.jpg,none
2636.jpg,none
2637.jpg,none
2638.jpg,none
2639.jpg,none
2640.jpg,none
2641.jpg,none
2642.jpg,none
2643.jpg,none
2644.jpg,none
2645.jpg,none
2646.jpg,none
2647.jpg,none
2648.jpg,none
2649.jpg,none
2650.jpg,none
2651.jpg,none
2652.jpg,none
2653.jpg,none
2654.jpg,none
2655.jpg,none
2656.jpg,none
2657.jpg,none
2658.jpg,none
2659.jpg,none
2660.jpg,none
2661.jpg,none
2662.jpg,none
2663.jpg,none
2664.jpg,none
2665.jpg,none
2666.jpg,none
2667.jpg,none
2668.jpg,none
2669.jpg,none
2670.jpg,none
2671.jpg,none
2672.jpg,none
2673.jpg,none
2674.jpg,none
2675.jpg,none
2676.jpg,none
2677.jpg,none
2678.jpg,none
2679.jpg,none
2680.jpg,none
2681.jpg,none
2682.jpg,none
2683.jpg,none
2684.jpg,none
2685.jpg,none
2686.jpg,none
2687.jpg,none
2688.jpg,none
2689.jpg,none
2690.jpg,none
2691.jpg,none
2692.jpg,none
2693.jpg,none
2694.jpg,none
2695.jpg,none
2696.jpg,none
2697.jpg,none
2698.jpg,none
2699.jpg,none
2700.jpg,none
2701.jpg,none
2702.jpg,none
2703.jpg,none
2704.jpg,none
2705.jpg,none
2706.jpg,none
2707.jpg,none
2708.jpg,none
2709.jpg,none
2710.jpg,none
2711.jpg,none
2712.jpg,none
2713.jpg,none
2714.jpg,none
2715.jpg,none
2716.jpg,none
2717.jpg,none
2718.jpg,none
2719.jpg,none
2720.jpg,none
2721.jpg,none
2722.jpg,none
2723.jpg,none
2724.jpg,none
2725.jpg,none
2726.jpg,none
2727.jpg,none
2728.jpg,none
2729.jpg,none
2730.jpg,none
2731.jpg,none
2732.jpg,none
2733.jpg,none
2734.jpg,none
2735.jpg,none
2736.jpg,none
2737.jpg,none
2738.jpg,none
2739.jpg,none
2740.jpg,none
2741.jpg,none
2742.jpg,none
2743.jpg,none
2744.jpg,none
2745.jpg,none
2746.jpg,none
2747.jpg,none
2748.jpg,none
2749.jpg,none
2750.jpg,none
2751.jpg,none
2752.jpg,none
2753.jpg,none
2754.jpg,none
2755.jpg,none
2756.jpg,none
2757.jpg,none
2758.jpg,none
2759.jpg,none
2760.jpg,none
2761.jpg,none
2762.jpg,none
2763.jpg,none
2764.jpg,none
2765.jpg,none
2766.jpg,none
2767.jpg,none
2768.jpg,none
2769.jpg,none
2770.jpg,none
2771.jpg,none
2772.jpg,none
2773.jpg,none
2774.jpg,none
2775.jpg,none
2776.jpg,none
2777.jpg,none
2778.jpg,none
2779.jpg,none
2780.jpg,none
2781.jpg,none
2782.jpg,none
2783.jpg,none
2784.jpg,none
2785.jpg,none
2786.jpg,none
2787.jpg,none
2788.jpg,none
2789.jpg,none
2790.jpg,none
2791.jpg,none
2792.jpg,none
2793.jpg,none
2794.jpg,none
2795.jpg,none
2796.jpg,none
2797.jpg,none
2798.jpg,none
2799.jpg,none
2800.jpg,none
2801.jpg,none
2802.jpg,none
2803.jpg,none
2804.jpg,none
2805.jpg,none
2806.jpg,none
2807.jpg,none
2808.jpg,none
2809.jpg,none
2810.jpg,none
2811.jpg,none
2812.jpg,none
2813.jpg,none
2814.jpg,none
2815.jpg,none
2816.jpg,none
2817.jpg,none
2818.jpg,none
2819.jpg,none
2820.jpg,none
2821.jpg,none
2822.jpg,none
2823.jpg,none
2824.jpg,none
2825.jpg,none
2826.jpg,none
2827.jpg,none
2828.jpg,none
2829.jpg,none
2830.jpg,none
2831.jpg,none
2832.jpg,none
2833.jpg,none
2834.jpg,none
2835.jpg,none
2836.jpg,none
2837.jpg,none
2838.jpg,none
2839.jpg,none
2840.jpg,none
2841.jpg,none
2842.jpg,none
2843.jpg,none
2844.jpg,none
2845.jpg,none
2846.jpg,none
2847.jpg,none
2848.jpg,none
2849.jpg,none
2850.jpg,none
2851.jpg,none
2852.jpg,none
2853.jpg,none
2854.jpg,none
2855.jpg,none
2856.jpg,none
2857.jpg,none
2858.jpg,none
2859.jpg,none
2860.jpg,none
2861.jpg,none
2862.jpg,none
2863.jpg,none
2864.jpg,none
2865.jpg,none
2866.jpg,none
2867.jpg,none
2868.jpg,none
2869.jpg,none
2870.jpg,none
2871.jpg,none
2872.jpg,none
2873.jpg,none
2874.jpg,none
2875.jpg,none
2876.jpg,none
2877.jpg,none
2878.jpg,none
2879.jpg,none
2880.jpg,none
2881.jpg,none
2882.jpg,none
2883.jpg,none
2884.jpg,none
2885.jpg,none
2886.jpg,none
2887.jpg,none
2888.jpg,none
2889.jpg,none
2890.jpg,none
2891.jpg,none
2892.jpg,none
2893.jpg,none
2894.jpg,none
2895.jpg,none
2896.jpg,none
2897.jpg,none
2898.jpg,none
2899.jpg,none
2900.jpg,none
2901.jpg,none
2902.jpg,none
2903.jpg,none
2904.jpg,none
2905.jpg,none
2906.jpg,none
2907.jpg,none
2908.jpg,none
2909.jpg,none
2910.jpg,none
2911.jpg,none
2912.jpg,none
2913.jpg,none
2914.jpg,none
2915.jpg,none
2916.jpg,none
2917.jpg,none
2918.jpg,none
2919.jpg,none
2920.jpg,none
2921.jpg,none
2922.jpg,none
2923.jpg,none
2924.jpg,none
2925.jpg,none
2926.jpg,none
2927.jpg,none
2928.jpg,none
2929.jpg,none
2930.jpg,none
2931.jpg,none
2932.jpg,none
2933.jpg,none
2934.jpg,none
2935.jpg,none
2936.jpg,none
2937.jpg,none
2938.jpg,none
2939.jpg,none
2940.jpg,none
2941.jpg,none
2942.jpg,none
2943.jpg,none
2944.jpg,none
2945.jpg,none
2946.jpg,none
2947.jpg,none
2948.jpg,none
2949.jpg,none
2950.jpg,none
2951.jpg,none
2952.jpg,none
2953.jpg,none
2954.jpg,none
2955.jpg,none
2956.jpg,none
2957.jpg,none
2958.jpg,none
2959.jpg,none
2960.jpg,none
2961.jpg,none
2962.jpg,none
2963.jpg,none
2964.jpg,none
2965.jpg,none
2966.jpg,none
2967.jpg,none
2968.jpg,none
2969.jpg,none
2970.jpg,none
2971.jpg,none
2972.jpg,none
2973.jpg,none
2974.jpg,none
2975.jpg,none
2976.jpg,none
2977.jpg,none
2978.jpg,none
2979.jpg,none
2980.jpg,none
2981.jpg,none
2982.jpg,none
2983.jpg,none
2984.jpg,none
2985.jpg,none
2986.jpg,none
2987.jpg,none
2988.jpg,none
2989.jpg,none
2990.jpg,none
2991.jpg,none
2992.jpg,none
2993.jpg,none
2994.jpg,none
2995.jpg,none
2996.jpg,none
2997.jpg,none
